label,filename
0,rest_seg_0000.npy
0,rest_seg_0001.npy
0,rest_seg_0002.npy
0,rest_seg_0003.npy
0,rest_seg_0004.npy
0,rest_seg_0005.npy
0,rest_seg_0006.npy
0,rest_seg_0007.npy
0,rest_seg_0008.npy
0,rest_seg_0009.npy
0,rest_seg_0010.npy
0,rest_seg_0011.npy
0,rest_seg_0012.npy
0,rest_seg_0013.npy
0,rest_seg_0014.npy
0,rest_seg_0015.npy
0,rest_seg_0016.npy
0,rest_seg_0017.npy
0,rest_seg_0018.npy
0,rest_seg_0019.npy
0,rest_seg_0020.npy
0,rest_seg_0021.npy
0,rest_seg_0022.npy
0,rest_seg_0023.npy
0,rest_seg_0024.npy
0,rest_seg_0025.npy
0,rest_seg_0026.npy
0,rest_seg_0027.npy
0,rest_seg_0028.npy
0,rest_seg_0029.npy
0,rest_seg_0030.npy
0,rest_seg_0031.npy
0,rest_seg_0032.npy
0,rest_seg_0033.npy
0,rest_seg_0034.npy
0,rest_seg_0035.npy
0,rest_seg_0036.npy
0,rest_seg_0037.npy
0,rest_seg_0038.npy
0,rest_seg_0039.npy
0,rest_seg_0040.npy
0,rest_seg_0041.npy
0,rest_seg_0042.npy
0,rest_seg_0043.npy
0,rest_seg_0044.npy
0,rest_seg_0045.npy
0,rest_seg_0046.npy
0,rest_seg_0047.npy
0,rest_seg_0048.npy
0,rest_seg_0049.npy
0,rest_seg_0050.npy
0,rest_seg_0051.npy
0,rest_seg_0052.npy
0,rest_seg_0053.npy
0,rest_seg_0054.npy
0,rest_seg_0055.npy
0,rest_seg_0056.npy
0,rest_seg_0057.npy
0,rest_seg_0058.npy
0,rest_seg_0059.npy
0,rest_seg_0060.npy
0,rest_seg_0061.npy
0,rest_seg_0062.npy
0,rest_seg_0063.npy
0,rest_seg_0064.npy
0,rest_seg_0065.npy
0,rest_seg_0066.npy
0,rest_seg_0067.npy
0,rest_seg_0068.npy
0,rest_seg_0069.npy
0,rest_seg_0070.npy
0,rest_seg_0071.npy
0,rest_seg_0072.npy
0,rest_seg_0073.npy
0,rest_seg_0074.npy
0,rest_seg_0075.npy
0,rest_seg_0076.npy
0,rest_seg_0077.npy
0,rest_seg_0078.npy
0,rest_seg_0079.npy
0,rest_seg_0080.npy
0,rest_seg_0081.npy
0,rest_seg_0082.npy
0,rest_seg_0083.npy
0,rest_seg_0084.npy
0,rest_seg_0085.npy
0,rest_seg_0086.npy
0,rest_seg_0087.npy
0,rest_seg_0088.npy
0,rest_seg_0089.npy
0,rest_seg_0090.npy
0,rest_seg_0091.npy
0,rest_seg_0092.npy
0,rest_seg_0093.npy
0,rest_seg_0094.npy
0,rest_seg_0095.npy
0,rest_seg_0096.npy
0,rest_seg_0097.npy
0,rest_seg_0098.npy
0,rest_seg_0099.npy
0,rest_seg_0100.npy
0,rest_seg_0101.npy
0,rest_seg_0102.npy
0,rest_seg_0103.npy
0,rest_seg_0104.npy
0,rest_seg_0105.npy
0,rest_seg_0106.npy
0,rest_seg_0107.npy
0,rest_seg_0108.npy
0,rest_seg_0109.npy
0,rest_seg_0110.npy
0,rest_seg_0111.npy
0,rest_seg_0112.npy
0,rest_seg_0113.npy
0,rest_seg_0114.npy
0,rest_seg_0115.npy
0,rest_seg_0116.npy
0,rest_seg_0117.npy
0,rest_seg_0118.npy
0,rest_seg_0119.npy
0,rest_seg_0120.npy
0,rest_seg_0121.npy
0,rest_seg_0122.npy
0,rest_seg_0123.npy
0,rest_seg_0124.npy
0,rest_seg_0125.npy
0,rest_seg_0126.npy
0,rest_seg_0127.npy
0,rest_seg_0128.npy
0,rest_seg_0129.npy
0,rest_seg_0130.npy
0,rest_seg_0131.npy
0,rest_seg_0132.npy
0,rest_seg_0133.npy
0,rest_seg_0134.npy
0,rest_seg_0135.npy
0,rest_seg_0136.npy
0,rest_seg_0137.npy
0,rest_seg_0138.npy
0,rest_seg_0139.npy
0,rest_seg_0140.npy
0,rest_seg_0141.npy
0,rest_seg_0142.npy
0,rest_seg_0143.npy
0,rest_seg_0144.npy
0,rest_seg_0145.npy
0,rest_seg_0146.npy
0,rest_seg_0147.npy
0,rest_seg_0148.npy
0,rest_seg_0149.npy
0,rest_seg_0150.npy
0,rest_seg_0151.npy
0,rest_seg_0152.npy
0,rest_seg_0153.npy
0,rest_seg_0154.npy
0,rest_seg_0155.npy
0,rest_seg_0156.npy
0,rest_seg_0157.npy
0,rest_seg_0158.npy
0,rest_seg_0159.npy
0,rest_seg_0160.npy
0,rest_seg_0161.npy
0,rest_seg_0162.npy
0,rest_seg_0163.npy
0,rest_seg_0164.npy
0,rest_seg_0165.npy
0,rest_seg_0166.npy
0,rest_seg_0167.npy
0,rest_seg_0168.npy
0,rest_seg_0169.npy
0,rest_seg_0170.npy
0,rest_seg_0171.npy
0,rest_seg_0172.npy
0,rest_seg_0173.npy
0,rest_seg_0174.npy
0,rest_seg_0175.npy
0,rest_seg_0176.npy
0,rest_seg_0177.npy
0,rest_seg_0178.npy
0,rest_seg_0179.npy
0,rest_seg_0180.npy
0,rest_seg_0181.npy
0,rest_seg_0182.npy
0,rest_seg_0183.npy
0,rest_seg_0184.npy
0,rest_seg_0185.npy
0,rest_seg_0186.npy
0,rest_seg_0187.npy
0,rest_seg_0188.npy
0,rest_seg_0189.npy
0,rest_seg_0190.npy
0,rest_seg_0191.npy
0,rest_seg_0192.npy
0,rest_seg_0193.npy
0,rest_seg_0194.npy
0,rest_seg_0195.npy
0,rest_seg_0196.npy
0,rest_seg_0197.npy
0,rest_seg_0198.npy
0,rest_seg_0199.npy
0,rest_seg_0200.npy
0,rest_seg_0201.npy
0,rest_seg_0202.npy
0,rest_seg_0203.npy
0,rest_seg_0204.npy
0,rest_seg_0205.npy
0,rest_seg_0206.npy
0,rest_seg_0207.npy
0,rest_seg_0208.npy
0,rest_seg_0209.npy
0,rest_seg_0210.npy
0,rest_seg_0211.npy
0,rest_seg_0212.npy
0,rest_seg_0213.npy
0,rest_seg_0214.npy
0,rest_seg_0215.npy
0,rest_seg_0216.npy
0,rest_seg_0217.npy
0,rest_seg_0218.npy
0,rest_seg_0219.npy
0,rest_seg_0220.npy
0,rest_seg_0221.npy
0,rest_seg_0222.npy
0,rest_seg_0223.npy
0,rest_seg_0224.npy
0,rest_seg_0225.npy
0,rest_seg_0226.npy
0,rest_seg_0227.npy
0,rest_seg_0228.npy
0,rest_seg_0229.npy
0,rest_seg_0230.npy
0,rest_seg_0231.npy
0,rest_seg_0232.npy
0,rest_seg_0233.npy
0,rest_seg_0234.npy
0,rest_seg_0235.npy
0,rest_seg_0236.npy
0,rest_seg_0237.npy
0,rest_seg_0238.npy
0,rest_seg_0239.npy
0,rest_seg_0240.npy
0,rest_seg_0241.npy
0,rest_seg_0242.npy
0,rest_seg_0243.npy
0,rest_seg_0244.npy
0,rest_seg_0245.npy
0,rest_seg_0246.npy
0,rest_seg_0247.npy
0,rest_seg_0248.npy
0,rest_seg_0249.npy
0,rest_seg_0250.npy
0,rest_seg_0251.npy
0,rest_seg_0252.npy
0,rest_seg_0253.npy
0,rest_seg_0254.npy
0,rest_seg_0255.npy
0,rest_seg_0256.npy
0,rest_seg_0257.npy
0,rest_seg_0258.npy
0,rest_seg_0259.npy
0,rest_seg_0260.npy
0,rest_seg_0261.npy
0,rest_seg_0262.npy
0,rest_seg_0263.npy
0,rest_seg_0264.npy
0,rest_seg_0265.npy
0,rest_seg_0266.npy
0,rest_seg_0267.npy
0,rest_seg_0268.npy
0,rest_seg_0269.npy
0,rest_seg_0270.npy
0,rest_seg_0271.npy
0,rest_seg_0272.npy
0,rest_seg_0273.npy
0,rest_seg_0274.npy
0,rest_seg_0275.npy
0,rest_seg_0276.npy
0,rest_seg_0277.npy
0,rest_seg_0278.npy
0,rest_seg_0279.npy
0,rest_seg_0280.npy
0,rest_seg_0281.npy
0,rest_seg_0282.npy
0,rest_seg_0283.npy
0,rest_seg_0284.npy
0,rest_seg_0285.npy
0,rest_seg_0286.npy
0,rest_seg_0287.npy
0,rest_seg_0288.npy
0,rest_seg_0289.npy
0,rest_seg_0290.npy
0,rest_seg_0291.npy
0,rest_seg_0292.npy
0,rest_seg_0293.npy
0,rest_seg_0294.npy
0,rest_seg_0295.npy
0,rest_seg_0296.npy
0,rest_seg_0297.npy
0,rest_seg_0298.npy
0,rest_seg_0299.npy
0,rest_seg_0300.npy
0,rest_seg_0301.npy
0,rest_seg_0302.npy
0,rest_seg_0303.npy
0,rest_seg_0304.npy
0,rest_seg_0305.npy
0,rest_seg_0306.npy
0,rest_seg_0307.npy
0,rest_seg_0308.npy
0,rest_seg_0309.npy
0,rest_seg_0310.npy
0,rest_seg_0311.npy
0,rest_seg_0312.npy
0,rest_seg_0313.npy
0,rest_seg_0314.npy
0,rest_seg_0315.npy
0,rest_seg_0316.npy
0,rest_seg_0317.npy
0,rest_seg_0318.npy
0,rest_seg_0319.npy
0,rest_seg_0320.npy
0,rest_seg_0321.npy
0,rest_seg_0322.npy
0,rest_seg_0323.npy
0,rest_seg_0324.npy
0,rest_seg_0325.npy
0,rest_seg_0326.npy
0,rest_seg_0327.npy
0,rest_seg_0328.npy
0,rest_seg_0329.npy
0,rest_seg_0330.npy
0,rest_seg_0331.npy
0,rest_seg_0332.npy
0,rest_seg_0333.npy
0,rest_seg_0334.npy
0,rest_seg_0335.npy
0,rest_seg_0336.npy
0,rest_seg_0337.npy
0,rest_seg_0338.npy
0,rest_seg_0339.npy
0,rest_seg_0340.npy
0,rest_seg_0341.npy
0,rest_seg_0342.npy
0,rest_seg_0343.npy
0,rest_seg_0344.npy
0,rest_seg_0345.npy
0,rest_seg_0346.npy
0,rest_seg_0347.npy
0,rest_seg_0348.npy
0,rest_seg_0349.npy
0,rest_seg_0350.npy
0,rest_seg_0351.npy
0,rest_seg_0352.npy
0,rest_seg_0353.npy
0,rest_seg_0354.npy
0,rest_seg_0355.npy
0,rest_seg_0356.npy
0,rest_seg_0357.npy
0,rest_seg_0358.npy
0,rest_seg_0359.npy
0,rest_seg_0360.npy
0,rest_seg_0361.npy
0,rest_seg_0362.npy
0,rest_seg_0363.npy
0,rest_seg_0364.npy
0,rest_seg_0365.npy
0,rest_seg_0366.npy
0,rest_seg_0367.npy
0,rest_seg_0368.npy
0,rest_seg_0369.npy
0,rest_seg_0370.npy
0,rest_seg_0371.npy
0,rest_seg_0372.npy
0,rest_seg_0373.npy
0,rest_seg_0374.npy
0,rest_seg_0375.npy
0,rest_seg_0376.npy
0,rest_seg_0377.npy
0,rest_seg_0378.npy
0,rest_seg_0379.npy
0,rest_seg_0380.npy
0,rest_seg_0381.npy
0,rest_seg_0382.npy
0,rest_seg_0383.npy
0,rest_seg_0384.npy
0,rest_seg_0385.npy
0,rest_seg_0386.npy
0,rest_seg_0387.npy
0,rest_seg_0388.npy
0,rest_seg_0389.npy
0,rest_seg_0390.npy
0,rest_seg_0391.npy
0,rest_seg_0392.npy
0,rest_seg_0393.npy
0,rest_seg_0394.npy
0,rest_seg_0395.npy
0,rest_seg_0396.npy
0,rest_seg_0397.npy
0,rest_seg_0398.npy
0,rest_seg_0399.npy
0,rest_seg_0400.npy
0,rest_seg_0401.npy
0,rest_seg_0402.npy
0,rest_seg_0403.npy
0,rest_seg_0404.npy
0,rest_seg_0405.npy
0,rest_seg_0406.npy
0,rest_seg_0407.npy
0,rest_seg_0408.npy
0,rest_seg_0409.npy
0,rest_seg_0410.npy
0,rest_seg_0411.npy
0,rest_seg_0412.npy
0,rest_seg_0413.npy
0,rest_seg_0414.npy
0,rest_seg_0415.npy
0,rest_seg_0416.npy
0,rest_seg_0417.npy
0,rest_seg_0418.npy
0,rest_seg_0419.npy
0,rest_seg_0420.npy
0,rest_seg_0421.npy
0,rest_seg_0422.npy
0,rest_seg_0423.npy
0,rest_seg_0424.npy
0,rest_seg_0425.npy
0,rest_seg_0426.npy
0,rest_seg_0427.npy
0,rest_seg_0428.npy
0,rest_seg_0429.npy
0,rest_seg_0430.npy
0,rest_seg_0431.npy
0,rest_seg_0432.npy
0,rest_seg_0433.npy
0,rest_seg_0434.npy
0,rest_seg_0435.npy
0,rest_seg_0436.npy
0,rest_seg_0437.npy
0,rest_seg_0438.npy
0,rest_seg_0439.npy
0,rest_seg_0440.npy
0,rest_seg_0441.npy
0,rest_seg_0442.npy
0,rest_seg_0443.npy
0,rest_seg_0444.npy
0,rest_seg_0445.npy
0,rest_seg_0446.npy
0,rest_seg_0447.npy
0,rest_seg_0448.npy
0,rest_seg_0449.npy
0,rest_seg_0450.npy
0,rest_seg_0451.npy
0,rest_seg_0452.npy
0,rest_seg_0453.npy
0,rest_seg_0454.npy
0,rest_seg_0455.npy
0,rest_seg_0456.npy
0,rest_seg_0457.npy
0,rest_seg_0458.npy
0,rest_seg_0459.npy
0,rest_seg_0460.npy
0,rest_seg_0461.npy
0,rest_seg_0462.npy
0,rest_seg_0463.npy
0,rest_seg_0464.npy
0,rest_seg_0465.npy
0,rest_seg_0466.npy
0,rest_seg_0467.npy
0,rest_seg_0468.npy
0,rest_seg_0469.npy
0,rest_seg_0470.npy
0,rest_seg_0471.npy
0,rest_seg_0472.npy
0,rest_seg_0473.npy
0,rest_seg_0474.npy
0,rest_seg_0475.npy
0,rest_seg_0476.npy
0,rest_seg_0477.npy
0,rest_seg_0478.npy
0,rest_seg_0479.npy
0,rest_seg_0480.npy
0,rest_seg_0481.npy
0,rest_seg_0482.npy
0,rest_seg_0483.npy
0,rest_seg_0484.npy
0,rest_seg_0485.npy
0,rest_seg_0486.npy
0,rest_seg_0487.npy
0,rest_seg_0488.npy
0,rest_seg_0489.npy
0,rest_seg_0490.npy
0,rest_seg_0491.npy
0,rest_seg_0492.npy
0,rest_seg_0493.npy
0,rest_seg_0494.npy
0,rest_seg_0495.npy
0,rest_seg_0496.npy
0,rest_seg_0497.npy
0,rest_seg_0498.npy
0,rest_seg_0499.npy
0,rest_seg_0500.npy
0,rest_seg_0501.npy
0,rest_seg_0502.npy
0,rest_seg_0503.npy
0,rest_seg_0504.npy
0,rest_seg_0505.npy
0,rest_seg_0506.npy
0,rest_seg_0507.npy
0,rest_seg_0508.npy
0,rest_seg_0509.npy
0,rest_seg_0510.npy
0,rest_seg_0511.npy
0,rest_seg_0512.npy
0,rest_seg_0513.npy
0,rest_seg_0514.npy
0,rest_seg_0515.npy
0,rest_seg_0516.npy
0,rest_seg_0517.npy
0,rest_seg_0518.npy
0,rest_seg_0519.npy
0,rest_seg_0520.npy
0,rest_seg_0521.npy
0,rest_seg_0522.npy
0,rest_seg_0523.npy
0,rest_seg_0524.npy
0,rest_seg_0525.npy
0,rest_seg_0526.npy
0,rest_seg_0527.npy
0,rest_seg_0528.npy
0,rest_seg_0529.npy
0,rest_seg_0530.npy
0,rest_seg_0531.npy
0,rest_seg_0532.npy
0,rest_seg_0533.npy
0,rest_seg_0534.npy
0,rest_seg_0535.npy
0,rest_seg_0536.npy
0,rest_seg_0537.npy
0,rest_seg_0538.npy
0,rest_seg_0539.npy
0,rest_seg_0540.npy
0,rest_seg_0541.npy
0,rest_seg_0542.npy
0,rest_seg_0543.npy
0,rest_seg_0544.npy
0,rest_seg_0545.npy
0,rest_seg_0546.npy
0,rest_seg_0547.npy
0,rest_seg_0548.npy
0,rest_seg_0549.npy
0,rest_seg_0550.npy
0,rest_seg_0551.npy
0,rest_seg_0552.npy
0,rest_seg_0553.npy
0,rest_seg_0554.npy
0,rest_seg_0555.npy
0,rest_seg_0556.npy
0,rest_seg_0557.npy
0,rest_seg_0558.npy
0,rest_seg_0559.npy
0,rest_seg_0560.npy
0,rest_seg_0561.npy
0,rest_seg_0562.npy
0,rest_seg_0563.npy
0,rest_seg_0564.npy
0,rest_seg_0565.npy
0,rest_seg_0566.npy
0,rest_seg_0567.npy
0,rest_seg_0568.npy
0,rest_seg_0569.npy
0,rest_seg_0570.npy
0,rest_seg_0571.npy
0,rest_seg_0572.npy
0,rest_seg_0573.npy
0,rest_seg_0574.npy
0,rest_seg_0575.npy
0,rest_seg_0576.npy
0,rest_seg_0577.npy
0,rest_seg_0578.npy
0,rest_seg_0579.npy
0,rest_seg_0580.npy
0,rest_seg_0581.npy
0,rest_seg_0582.npy
0,rest_seg_0583.npy
0,rest_seg_0584.npy
0,rest_seg_0585.npy
0,rest_seg_0586.npy
0,rest_seg_0587.npy
1,house_seg_0000.npy
1,house_seg_0001.npy
1,house_seg_0002.npy
1,house_seg_0003.npy
1,house_seg_0004.npy
1,house_seg_0005.npy
1,house_seg_0006.npy
1,house_seg_0007.npy
1,house_seg_0008.npy
1,house_seg_0009.npy
1,house_seg_0010.npy
1,house_seg_0011.npy
1,house_seg_0012.npy
1,house_seg_0013.npy
1,house_seg_0014.npy
1,house_seg_0015.npy
1,house_seg_0016.npy
1,house_seg_0017.npy
1,house_seg_0018.npy
1,house_seg_0019.npy
1,house_seg_0020.npy
1,house_seg_0021.npy
1,house_seg_0022.npy
1,house_seg_0023.npy
1,house_seg_0024.npy
1,house_seg_0025.npy
1,house_seg_0026.npy
1,house_seg_0027.npy
1,house_seg_0028.npy
1,house_seg_0029.npy
1,house_seg_0030.npy
1,house_seg_0031.npy
1,house_seg_0032.npy
1,house_seg_0033.npy
1,house_seg_0034.npy
1,house_seg_0035.npy
1,house_seg_0036.npy
1,house_seg_0037.npy
1,house_seg_0038.npy
1,house_seg_0039.npy
1,house_seg_0040.npy
1,house_seg_0041.npy
1,house_seg_0042.npy
1,house_seg_0043.npy
1,house_seg_0044.npy
1,house_seg_0045.npy
1,house_seg_0046.npy
1,house_seg_0047.npy
1,house_seg_0048.npy
1,house_seg_0049.npy
1,house_seg_0050.npy
1,house_seg_0051.npy
1,house_seg_0052.npy
1,house_seg_0053.npy
1,house_seg_0054.npy
1,house_seg_0055.npy
1,house_seg_0056.npy
1,house_seg_0057.npy
1,house_seg_0058.npy
1,house_seg_0059.npy
1,house_seg_0060.npy
1,house_seg_0061.npy
1,house_seg_0062.npy
1,house_seg_0063.npy
1,house_seg_0064.npy
1,house_seg_0065.npy
1,house_seg_0066.npy
1,house_seg_0067.npy
1,house_seg_0068.npy
1,house_seg_0069.npy
1,house_seg_0070.npy
1,house_seg_0071.npy
1,house_seg_0072.npy
1,house_seg_0073.npy
1,house_seg_0074.npy
1,house_seg_0075.npy
1,house_seg_0076.npy
1,house_seg_0077.npy
1,house_seg_0078.npy
1,house_seg_0079.npy
1,house_seg_0080.npy
1,house_seg_0081.npy
1,house_seg_0082.npy
1,house_seg_0083.npy
1,house_seg_0084.npy
1,house_seg_0085.npy
1,house_seg_0086.npy
1,house_seg_0087.npy
1,house_seg_0088.npy
1,house_seg_0089.npy
1,house_seg_0090.npy
1,house_seg_0091.npy
1,house_seg_0092.npy
1,house_seg_0093.npy
1,house_seg_0094.npy
1,house_seg_0095.npy
1,house_seg_0096.npy
1,house_seg_0097.npy
1,house_seg_0098.npy
1,house_seg_0099.npy
1,house_seg_0100.npy
1,house_seg_0101.npy
1,house_seg_0102.npy
1,house_seg_0103.npy
1,house_seg_0104.npy
1,house_seg_0105.npy
1,house_seg_0106.npy
1,house_seg_0107.npy
2,scrambledpix_seg_0000.npy
2,scrambledpix_seg_0001.npy
2,scrambledpix_seg_0002.npy
2,scrambledpix_seg_0003.npy
2,scrambledpix_seg_0004.npy
2,scrambledpix_seg_0005.npy
2,scrambledpix_seg_0006.npy
2,scrambledpix_seg_0007.npy
2,scrambledpix_seg_0008.npy
2,scrambledpix_seg_0009.npy
2,scrambledpix_seg_0010.npy
2,scrambledpix_seg_0011.npy
2,scrambledpix_seg_0012.npy
2,scrambledpix_seg_0013.npy
2,scrambledpix_seg_0014.npy
2,scrambledpix_seg_0015.npy
2,scrambledpix_seg_0016.npy
2,scrambledpix_seg_0017.npy
2,scrambledpix_seg_0018.npy
2,scrambledpix_seg_0019.npy
2,scrambledpix_seg_0020.npy
2,scrambledpix_seg_0021.npy
2,scrambledpix_seg_0022.npy
2,scrambledpix_seg_0023.npy
2,scrambledpix_seg_0024.npy
2,scrambledpix_seg_0025.npy
2,scrambledpix_seg_0026.npy
2,scrambledpix_seg_0027.npy
2,scrambledpix_seg_0028.npy
2,scrambledpix_seg_0029.npy
2,scrambledpix_seg_0030.npy
2,scrambledpix_seg_0031.npy
2,scrambledpix_seg_0032.npy
2,scrambledpix_seg_0033.npy
2,scrambledpix_seg_0034.npy
2,scrambledpix_seg_0035.npy
2,scrambledpix_seg_0036.npy
2,scrambledpix_seg_0037.npy
2,scrambledpix_seg_0038.npy
2,scrambledpix_seg_0039.npy
2,scrambledpix_seg_0040.npy
2,scrambledpix_seg_0041.npy
2,scrambledpix_seg_0042.npy
2,scrambledpix_seg_0043.npy
2,scrambledpix_seg_0044.npy
2,scrambledpix_seg_0045.npy
2,scrambledpix_seg_0046.npy
2,scrambledpix_seg_0047.npy
2,scrambledpix_seg_0048.npy
2,scrambledpix_seg_0049.npy
2,scrambledpix_seg_0050.npy
2,scrambledpix_seg_0051.npy
2,scrambledpix_seg_0052.npy
2,scrambledpix_seg_0053.npy
2,scrambledpix_seg_0054.npy
2,scrambledpix_seg_0055.npy
2,scrambledpix_seg_0056.npy
2,scrambledpix_seg_0057.npy
2,scrambledpix_seg_0058.npy
2,scrambledpix_seg_0059.npy
2,scrambledpix_seg_0060.npy
2,scrambledpix_seg_0061.npy
2,scrambledpix_seg_0062.npy
2,scrambledpix_seg_0063.npy
2,scrambledpix_seg_0064.npy
2,scrambledpix_seg_0065.npy
2,scrambledpix_seg_0066.npy
2,scrambledpix_seg_0067.npy
2,scrambledpix_seg_0068.npy
2,scrambledpix_seg_0069.npy
2,scrambledpix_seg_0070.npy
2,scrambledpix_seg_0071.npy
2,scrambledpix_seg_0072.npy
2,scrambledpix_seg_0073.npy
2,scrambledpix_seg_0074.npy
2,scrambledpix_seg_0075.npy
2,scrambledpix_seg_0076.npy
2,scrambledpix_seg_0077.npy
2,scrambledpix_seg_0078.npy
2,scrambledpix_seg_0079.npy
2,scrambledpix_seg_0080.npy
2,scrambledpix_seg_0081.npy
2,scrambledpix_seg_0082.npy
2,scrambledpix_seg_0083.npy
2,scrambledpix_seg_0084.npy
2,scrambledpix_seg_0085.npy
2,scrambledpix_seg_0086.npy
2,scrambledpix_seg_0087.npy
2,scrambledpix_seg_0088.npy
2,scrambledpix_seg_0089.npy
2,scrambledpix_seg_0090.npy
2,scrambledpix_seg_0091.npy
2,scrambledpix_seg_0092.npy
2,scrambledpix_seg_0093.npy
2,scrambledpix_seg_0094.npy
2,scrambledpix_seg_0095.npy
2,scrambledpix_seg_0096.npy
2,scrambledpix_seg_0097.npy
2,scrambledpix_seg_0098.npy
2,scrambledpix_seg_0099.npy
2,scrambledpix_seg_0100.npy
2,scrambledpix_seg_0101.npy
2,scrambledpix_seg_0102.npy
2,scrambledpix_seg_0103.npy
2,scrambledpix_seg_0104.npy
2,scrambledpix_seg_0105.npy
2,scrambledpix_seg_0106.npy
2,scrambledpix_seg_0107.npy
3,face_seg_0000.npy
3,face_seg_0001.npy
3,face_seg_0002.npy
3,face_seg_0003.npy
3,face_seg_0004.npy
3,face_seg_0005.npy
3,face_seg_0006.npy
3,face_seg_0007.npy
3,face_seg_0008.npy
3,face_seg_0009.npy
3,face_seg_0010.npy
3,face_seg_0011.npy
3,face_seg_0012.npy
3,face_seg_0013.npy
3,face_seg_0014.npy
3,face_seg_0015.npy
3,face_seg_0016.npy
3,face_seg_0017.npy
3,face_seg_0018.npy
3,face_seg_0019.npy
3,face_seg_0020.npy
3,face_seg_0021.npy
3,face_seg_0022.npy
3,face_seg_0023.npy
3,face_seg_0024.npy
3,face_seg_0025.npy
3,face_seg_0026.npy
3,face_seg_0027.npy
3,face_seg_0028.npy
3,face_seg_0029.npy
3,face_seg_0030.npy
3,face_seg_0031.npy
3,face_seg_0032.npy
3,face_seg_0033.npy
3,face_seg_0034.npy
3,face_seg_0035.npy
3,face_seg_0036.npy
3,face_seg_0037.npy
3,face_seg_0038.npy
3,face_seg_0039.npy
3,face_seg_0040.npy
3,face_seg_0041.npy
3,face_seg_0042.npy
3,face_seg_0043.npy
3,face_seg_0044.npy
3,face_seg_0045.npy
3,face_seg_0046.npy
3,face_seg_0047.npy
3,face_seg_0048.npy
3,face_seg_0049.npy
3,face_seg_0050.npy
3,face_seg_0051.npy
3,face_seg_0052.npy
3,face_seg_0053.npy
3,face_seg_0054.npy
3,face_seg_0055.npy
3,face_seg_0056.npy
3,face_seg_0057.npy
3,face_seg_0058.npy
3,face_seg_0059.npy
3,face_seg_0060.npy
3,face_seg_0061.npy
3,face_seg_0062.npy
3,face_seg_0063.npy
3,face_seg_0064.npy
3,face_seg_0065.npy
3,face_seg_0066.npy
3,face_seg_0067.npy
3,face_seg_0068.npy
3,face_seg_0069.npy
3,face_seg_0070.npy
3,face_seg_0071.npy
3,face_seg_0072.npy
3,face_seg_0073.npy
3,face_seg_0074.npy
3,face_seg_0075.npy
3,face_seg_0076.npy
3,face_seg_0077.npy
3,face_seg_0078.npy
3,face_seg_0079.npy
3,face_seg_0080.npy
3,face_seg_0081.npy
3,face_seg_0082.npy
3,face_seg_0083.npy
3,face_seg_0084.npy
3,face_seg_0085.npy
3,face_seg_0086.npy
3,face_seg_0087.npy
3,face_seg_0088.npy
3,face_seg_0089.npy
3,face_seg_0090.npy
3,face_seg_0091.npy
3,face_seg_0092.npy
3,face_seg_0093.npy
3,face_seg_0094.npy
3,face_seg_0095.npy
3,face_seg_0096.npy
3,face_seg_0097.npy
3,face_seg_0098.npy
3,face_seg_0099.npy
3,face_seg_0100.npy
3,face_seg_0101.npy
3,face_seg_0102.npy
3,face_seg_0103.npy
3,face_seg_0104.npy
3,face_seg_0105.npy
3,face_seg_0106.npy
3,face_seg_0107.npy
4,shoe_seg_0000.npy
4,shoe_seg_0001.npy
4,shoe_seg_0002.npy
4,shoe_seg_0003.npy
4,shoe_seg_0004.npy
4,shoe_seg_0005.npy
4,shoe_seg_0006.npy
4,shoe_seg_0007.npy
4,shoe_seg_0008.npy
4,shoe_seg_0009.npy
4,shoe_seg_0010.npy
4,shoe_seg_0011.npy
4,shoe_seg_0012.npy
4,shoe_seg_0013.npy
4,shoe_seg_0014.npy
4,shoe_seg_0015.npy
4,shoe_seg_0016.npy
4,shoe_seg_0017.npy
4,shoe_seg_0018.npy
4,shoe_seg_0019.npy
4,shoe_seg_0020.npy
4,shoe_seg_0021.npy
4,shoe_seg_0022.npy
4,shoe_seg_0023.npy
4,shoe_seg_0024.npy
4,shoe_seg_0025.npy
4,shoe_seg_0026.npy
4,shoe_seg_0027.npy
4,shoe_seg_0028.npy
4,shoe_seg_0029.npy
4,shoe_seg_0030.npy
4,shoe_seg_0031.npy
4,shoe_seg_0032.npy
4,shoe_seg_0033.npy
4,shoe_seg_0034.npy
4,shoe_seg_0035.npy
4,shoe_seg_0036.npy
4,shoe_seg_0037.npy
4,shoe_seg_0038.npy
4,shoe_seg_0039.npy
4,shoe_seg_0040.npy
4,shoe_seg_0041.npy
4,shoe_seg_0042.npy
4,shoe_seg_0043.npy
4,shoe_seg_0044.npy
4,shoe_seg_0045.npy
4,shoe_seg_0046.npy
4,shoe_seg_0047.npy
4,shoe_seg_0048.npy
4,shoe_seg_0049.npy
4,shoe_seg_0050.npy
4,shoe_seg_0051.npy
4,shoe_seg_0052.npy
4,shoe_seg_0053.npy
4,shoe_seg_0054.npy
4,shoe_seg_0055.npy
4,shoe_seg_0056.npy
4,shoe_seg_0057.npy
4,shoe_seg_0058.npy
4,shoe_seg_0059.npy
4,shoe_seg_0060.npy
4,shoe_seg_0061.npy
4,shoe_seg_0062.npy
4,shoe_seg_0063.npy
4,shoe_seg_0064.npy
4,shoe_seg_0065.npy
4,shoe_seg_0066.npy
4,shoe_seg_0067.npy
4,shoe_seg_0068.npy
4,shoe_seg_0069.npy
4,shoe_seg_0070.npy
4,shoe_seg_0071.npy
4,shoe_seg_0072.npy
4,shoe_seg_0073.npy
4,shoe_seg_0074.npy
4,shoe_seg_0075.npy
4,shoe_seg_0076.npy
4,shoe_seg_0077.npy
4,shoe_seg_0078.npy
4,shoe_seg_0079.npy
4,shoe_seg_0080.npy
4,shoe_seg_0081.npy
4,shoe_seg_0082.npy
4,shoe_seg_0083.npy
4,shoe_seg_0084.npy
4,shoe_seg_0085.npy
4,shoe_seg_0086.npy
4,shoe_seg_0087.npy
4,shoe_seg_0088.npy
4,shoe_seg_0089.npy
4,shoe_seg_0090.npy
4,shoe_seg_0091.npy
4,shoe_seg_0092.npy
4,shoe_seg_0093.npy
4,shoe_seg_0094.npy
4,shoe_seg_0095.npy
4,shoe_seg_0096.npy
4,shoe_seg_0097.npy
4,shoe_seg_0098.npy
4,shoe_seg_0099.npy
4,shoe_seg_0100.npy
4,shoe_seg_0101.npy
4,shoe_seg_0102.npy
4,shoe_seg_0103.npy
4,shoe_seg_0104.npy
4,shoe_seg_0105.npy
4,shoe_seg_0106.npy
4,shoe_seg_0107.npy
5,chair_seg_0000.npy
5,chair_seg_0001.npy
5,chair_seg_0002.npy
5,chair_seg_0003.npy
5,chair_seg_0004.npy
5,chair_seg_0005.npy
5,chair_seg_0006.npy
5,chair_seg_0007.npy
5,chair_seg_0008.npy
5,chair_seg_0009.npy
5,chair_seg_0010.npy
5,chair_seg_0011.npy
5,chair_seg_0012.npy
5,chair_seg_0013.npy
5,chair_seg_0014.npy
5,chair_seg_0015.npy
5,chair_seg_0016.npy
5,chair_seg_0017.npy
5,chair_seg_0018.npy
5,chair_seg_0019.npy
5,chair_seg_0020.npy
5,chair_seg_0021.npy
5,chair_seg_0022.npy
5,chair_seg_0023.npy
5,chair_seg_0024.npy
5,chair_seg_0025.npy
5,chair_seg_0026.npy
5,chair_seg_0027.npy
5,chair_seg_0028.npy
5,chair_seg_0029.npy
5,chair_seg_0030.npy
5,chair_seg_0031.npy
5,chair_seg_0032.npy
5,chair_seg_0033.npy
5,chair_seg_0034.npy
5,chair_seg_0035.npy
5,chair_seg_0036.npy
5,chair_seg_0037.npy
5,chair_seg_0038.npy
5,chair_seg_0039.npy
5,chair_seg_0040.npy
5,chair_seg_0041.npy
5,chair_seg_0042.npy
5,chair_seg_0043.npy
5,chair_seg_0044.npy
5,chair_seg_0045.npy
5,chair_seg_0046.npy
5,chair_seg_0047.npy
5,chair_seg_0048.npy
5,chair_seg_0049.npy
5,chair_seg_0050.npy
5,chair_seg_0051.npy
5,chair_seg_0052.npy
5,chair_seg_0053.npy
5,chair_seg_0054.npy
5,chair_seg_0055.npy
5,chair_seg_0056.npy
5,chair_seg_0057.npy
5,chair_seg_0058.npy
5,chair_seg_0059.npy
5,chair_seg_0060.npy
5,chair_seg_0061.npy
5,chair_seg_0062.npy
5,chair_seg_0063.npy
5,chair_seg_0064.npy
5,chair_seg_0065.npy
5,chair_seg_0066.npy
5,chair_seg_0067.npy
5,chair_seg_0068.npy
5,chair_seg_0069.npy
5,chair_seg_0070.npy
5,chair_seg_0071.npy
5,chair_seg_0072.npy
5,chair_seg_0073.npy
5,chair_seg_0074.npy
5,chair_seg_0075.npy
5,chair_seg_0076.npy
5,chair_seg_0077.npy
5,chair_seg_0078.npy
5,chair_seg_0079.npy
5,chair_seg_0080.npy
5,chair_seg_0081.npy
5,chair_seg_0082.npy
5,chair_seg_0083.npy
5,chair_seg_0084.npy
5,chair_seg_0085.npy
5,chair_seg_0086.npy
5,chair_seg_0087.npy
5,chair_seg_0088.npy
5,chair_seg_0089.npy
5,chair_seg_0090.npy
5,chair_seg_0091.npy
5,chair_seg_0092.npy
5,chair_seg_0093.npy
5,chair_seg_0094.npy
5,chair_seg_0095.npy
5,chair_seg_0096.npy
5,chair_seg_0097.npy
5,chair_seg_0098.npy
5,chair_seg_0099.npy
5,chair_seg_0100.npy
5,chair_seg_0101.npy
5,chair_seg_0102.npy
5,chair_seg_0103.npy
5,chair_seg_0104.npy
5,chair_seg_0105.npy
5,chair_seg_0106.npy
5,chair_seg_0107.npy
6,cat_seg_0000.npy
6,cat_seg_0001.npy
6,cat_seg_0002.npy
6,cat_seg_0003.npy
6,cat_seg_0004.npy
6,cat_seg_0005.npy
6,cat_seg_0006.npy
6,cat_seg_0007.npy
6,cat_seg_0008.npy
6,cat_seg_0009.npy
6,cat_seg_0010.npy
6,cat_seg_0011.npy
6,cat_seg_0012.npy
6,cat_seg_0013.npy
6,cat_seg_0014.npy
6,cat_seg_0015.npy
6,cat_seg_0016.npy
6,cat_seg_0017.npy
6,cat_seg_0018.npy
6,cat_seg_0019.npy
6,cat_seg_0020.npy
6,cat_seg_0021.npy
6,cat_seg_0022.npy
6,cat_seg_0023.npy
6,cat_seg_0024.npy
6,cat_seg_0025.npy
6,cat_seg_0026.npy
6,cat_seg_0027.npy
6,cat_seg_0028.npy
6,cat_seg_0029.npy
6,cat_seg_0030.npy
6,cat_seg_0031.npy
6,cat_seg_0032.npy
6,cat_seg_0033.npy
6,cat_seg_0034.npy
6,cat_seg_0035.npy
6,cat_seg_0036.npy
6,cat_seg_0037.npy
6,cat_seg_0038.npy
6,cat_seg_0039.npy
6,cat_seg_0040.npy
6,cat_seg_0041.npy
6,cat_seg_0042.npy
6,cat_seg_0043.npy
6,cat_seg_0044.npy
6,cat_seg_0045.npy
6,cat_seg_0046.npy
6,cat_seg_0047.npy
6,cat_seg_0048.npy
6,cat_seg_0049.npy
6,cat_seg_0050.npy
6,cat_seg_0051.npy
6,cat_seg_0052.npy
6,cat_seg_0053.npy
6,cat_seg_0054.npy
6,cat_seg_0055.npy
6,cat_seg_0056.npy
6,cat_seg_0057.npy
6,cat_seg_0058.npy
6,cat_seg_0059.npy
6,cat_seg_0060.npy
6,cat_seg_0061.npy
6,cat_seg_0062.npy
6,cat_seg_0063.npy
6,cat_seg_0064.npy
6,cat_seg_0065.npy
6,cat_seg_0066.npy
6,cat_seg_0067.npy
6,cat_seg_0068.npy
6,cat_seg_0069.npy
6,cat_seg_0070.npy
6,cat_seg_0071.npy
6,cat_seg_0072.npy
6,cat_seg_0073.npy
6,cat_seg_0074.npy
6,cat_seg_0075.npy
6,cat_seg_0076.npy
6,cat_seg_0077.npy
6,cat_seg_0078.npy
6,cat_seg_0079.npy
6,cat_seg_0080.npy
6,cat_seg_0081.npy
6,cat_seg_0082.npy
6,cat_seg_0083.npy
6,cat_seg_0084.npy
6,cat_seg_0085.npy
6,cat_seg_0086.npy
6,cat_seg_0087.npy
6,cat_seg_0088.npy
6,cat_seg_0089.npy
6,cat_seg_0090.npy
6,cat_seg_0091.npy
6,cat_seg_0092.npy
6,cat_seg_0093.npy
6,cat_seg_0094.npy
6,cat_seg_0095.npy
6,cat_seg_0096.npy
6,cat_seg_0097.npy
6,cat_seg_0098.npy
6,cat_seg_0099.npy
6,cat_seg_0100.npy
6,cat_seg_0101.npy
6,cat_seg_0102.npy
6,cat_seg_0103.npy
6,cat_seg_0104.npy
6,cat_seg_0105.npy
6,cat_seg_0106.npy
6,cat_seg_0107.npy
7,bottle_seg_0000.npy
7,bottle_seg_0001.npy
7,bottle_seg_0002.npy
7,bottle_seg_0003.npy
7,bottle_seg_0004.npy
7,bottle_seg_0005.npy
7,bottle_seg_0006.npy
7,bottle_seg_0007.npy
7,bottle_seg_0008.npy
7,bottle_seg_0009.npy
7,bottle_seg_0010.npy
7,bottle_seg_0011.npy
7,bottle_seg_0012.npy
7,bottle_seg_0013.npy
7,bottle_seg_0014.npy
7,bottle_seg_0015.npy
7,bottle_seg_0016.npy
7,bottle_seg_0017.npy
7,bottle_seg_0018.npy
7,bottle_seg_0019.npy
7,bottle_seg_0020.npy
7,bottle_seg_0021.npy
7,bottle_seg_0022.npy
7,bottle_seg_0023.npy
7,bottle_seg_0024.npy
7,bottle_seg_0025.npy
7,bottle_seg_0026.npy
7,bottle_seg_0027.npy
7,bottle_seg_0028.npy
7,bottle_seg_0029.npy
7,bottle_seg_0030.npy
7,bottle_seg_0031.npy
7,bottle_seg_0032.npy
7,bottle_seg_0033.npy
7,bottle_seg_0034.npy
7,bottle_seg_0035.npy
7,bottle_seg_0036.npy
7,bottle_seg_0037.npy
7,bottle_seg_0038.npy
7,bottle_seg_0039.npy
7,bottle_seg_0040.npy
7,bottle_seg_0041.npy
7,bottle_seg_0042.npy
7,bottle_seg_0043.npy
7,bottle_seg_0044.npy
7,bottle_seg_0045.npy
7,bottle_seg_0046.npy
7,bottle_seg_0047.npy
7,bottle_seg_0048.npy
7,bottle_seg_0049.npy
7,bottle_seg_0050.npy
7,bottle_seg_0051.npy
7,bottle_seg_0052.npy
7,bottle_seg_0053.npy
7,bottle_seg_0054.npy
7,bottle_seg_0055.npy
7,bottle_seg_0056.npy
7,bottle_seg_0057.npy
7,bottle_seg_0058.npy
7,bottle_seg_0059.npy
7,bottle_seg_0060.npy
7,bottle_seg_0061.npy
7,bottle_seg_0062.npy
7,bottle_seg_0063.npy
7,bottle_seg_0064.npy
7,bottle_seg_0065.npy
7,bottle_seg_0066.npy
7,bottle_seg_0067.npy
7,bottle_seg_0068.npy
7,bottle_seg_0069.npy
7,bottle_seg_0070.npy
7,bottle_seg_0071.npy
7,bottle_seg_0072.npy
7,bottle_seg_0073.npy
7,bottle_seg_0074.npy
7,bottle_seg_0075.npy
7,bottle_seg_0076.npy
7,bottle_seg_0077.npy
7,bottle_seg_0078.npy
7,bottle_seg_0079.npy
7,bottle_seg_0080.npy
7,bottle_seg_0081.npy
7,bottle_seg_0082.npy
7,bottle_seg_0083.npy
7,bottle_seg_0084.npy
7,bottle_seg_0085.npy
7,bottle_seg_0086.npy
7,bottle_seg_0087.npy
7,bottle_seg_0088.npy
7,bottle_seg_0089.npy
7,bottle_seg_0090.npy
7,bottle_seg_0091.npy
7,bottle_seg_0092.npy
7,bottle_seg_0093.npy
7,bottle_seg_0094.npy
7,bottle_seg_0095.npy
7,bottle_seg_0096.npy
7,bottle_seg_0097.npy
7,bottle_seg_0098.npy
7,bottle_seg_0099.npy
7,bottle_seg_0100.npy
7,bottle_seg_0101.npy
7,bottle_seg_0102.npy
7,bottle_seg_0103.npy
7,bottle_seg_0104.npy
7,bottle_seg_0105.npy
7,bottle_seg_0106.npy
7,bottle_seg_0107.npy
8,scissors_seg_0000.npy
8,scissors_seg_0001.npy
8,scissors_seg_0002.npy
8,scissors_seg_0003.npy
8,scissors_seg_0004.npy
8,scissors_seg_0005.npy
8,scissors_seg_0006.npy
8,scissors_seg_0007.npy
8,scissors_seg_0008.npy
8,scissors_seg_0009.npy
8,scissors_seg_0010.npy
8,scissors_seg_0011.npy
8,scissors_seg_0012.npy
8,scissors_seg_0013.npy
8,scissors_seg_0014.npy
8,scissors_seg_0015.npy
8,scissors_seg_0016.npy
8,scissors_seg_0017.npy
8,scissors_seg_0018.npy
8,scissors_seg_0019.npy
8,scissors_seg_0020.npy
8,scissors_seg_0021.npy
8,scissors_seg_0022.npy
8,scissors_seg_0023.npy
8,scissors_seg_0024.npy
8,scissors_seg_0025.npy
8,scissors_seg_0026.npy
8,scissors_seg_0027.npy
8,scissors_seg_0028.npy
8,scissors_seg_0029.npy
8,scissors_seg_0030.npy
8,scissors_seg_0031.npy
8,scissors_seg_0032.npy
8,scissors_seg_0033.npy
8,scissors_seg_0034.npy
8,scissors_seg_0035.npy
8,scissors_seg_0036.npy
8,scissors_seg_0037.npy
8,scissors_seg_0038.npy
8,scissors_seg_0039.npy
8,scissors_seg_0040.npy
8,scissors_seg_0041.npy
8,scissors_seg_0042.npy
8,scissors_seg_0043.npy
8,scissors_seg_0044.npy
8,scissors_seg_0045.npy
8,scissors_seg_0046.npy
8,scissors_seg_0047.npy
8,scissors_seg_0048.npy
8,scissors_seg_0049.npy
8,scissors_seg_0050.npy
8,scissors_seg_0051.npy
8,scissors_seg_0052.npy
8,scissors_seg_0053.npy
8,scissors_seg_0054.npy
8,scissors_seg_0055.npy
8,scissors_seg_0056.npy
8,scissors_seg_0057.npy
8,scissors_seg_0058.npy
8,scissors_seg_0059.npy
8,scissors_seg_0060.npy
8,scissors_seg_0061.npy
8,scissors_seg_0062.npy
8,scissors_seg_0063.npy
8,scissors_seg_0064.npy
8,scissors_seg_0065.npy
8,scissors_seg_0066.npy
8,scissors_seg_0067.npy
8,scissors_seg_0068.npy
8,scissors_seg_0069.npy
8,scissors_seg_0070.npy
8,scissors_seg_0071.npy
8,scissors_seg_0072.npy
8,scissors_seg_0073.npy
8,scissors_seg_0074.npy
8,scissors_seg_0075.npy
8,scissors_seg_0076.npy
8,scissors_seg_0077.npy
8,scissors_seg_0078.npy
8,scissors_seg_0079.npy
8,scissors_seg_0080.npy
8,scissors_seg_0081.npy
8,scissors_seg_0082.npy
8,scissors_seg_0083.npy
8,scissors_seg_0084.npy
8,scissors_seg_0085.npy
8,scissors_seg_0086.npy
8,scissors_seg_0087.npy
8,scissors_seg_0088.npy
8,scissors_seg_0089.npy
8,scissors_seg_0090.npy
8,scissors_seg_0091.npy
8,scissors_seg_0092.npy
8,scissors_seg_0093.npy
8,scissors_seg_0094.npy
8,scissors_seg_0095.npy
8,scissors_seg_0096.npy
8,scissors_seg_0097.npy
8,scissors_seg_0098.npy
8,scissors_seg_0099.npy
8,scissors_seg_0100.npy
8,scissors_seg_0101.npy
8,scissors_seg_0102.npy
8,scissors_seg_0103.npy
8,scissors_seg_0104.npy
8,scissors_seg_0105.npy
8,scissors_seg_0106.npy
8,scissors_seg_0107.npy
